owm_city_name,owm_country
Aba,NG
Aba,HU
Abalak,NE
Abalak,RU
Abbeville,US
Abbeville,FR
Abbotsford,US
Abbotsford,CA
Aberdeen,GB
Aberdeen,US
Abingdon,GB
Abingdon,US
Abram,US
Abram,RO
Abram,GB
Acton,US
Acton,GB
Adamstown,PN
Adamstown,US
Adelaide,ZA
Adelaide,AU
Adra,IN
Adra,ES
Agno,PH
Agno,CH
Agua Dulce,US
Agua Dulce,MX
Agua Fria,US
Agua Fria,HN
Aguada,PH
Aguada,PR
Aguadulce,ES
Aguadulce,PA
Aguilar,ES
Aguilar,PH
Aguilares,AR
Aguilares,SV
Airdrie,CA
Airdrie,GB
Akko,IL
Akko,Nigeria
Aksakovo,RU
Aksakovo,BG
Aksu,TR
Aksu,KZ
Aksu,CN
Al Aziziyah,IQ
Al Aziziyah,LY
Al Bayda,YE
Al Bayda,LY
Al Jafr,SA
Al Jafr,JO
Al Jizah,EG
Al Jizah,JO
Al Qurayn,SA
Al Qurayn,EG
Al Qusayr,SY
Al Qusayr,EG
Alameda,ES
Alameda,US
Alamo,US
Alamo,MX
Albany,AU
Albany,US
Albertville,US
Albertville,FR
Albion,MU
Albion,US
Alburquerque,PH
Alburquerque,ES
Alcala,PH
Alcala,CO
Alcantara,BR
Alcantara,PH
Alcoy,PH
Alcoy,ES
Aldan,US
Aldan,RU
Aleksandrow,PL
Aleksandrow,RU
Alenquer,PT
Alenquer,BR
Alexandria,BR
Alexandria,RO
Alexandria,EG
Alexandria,US
Alexandria,JM
Alexandria,GB
Algarrobo,ES
Algarrobo,CO
Algeciras,ES
Algeciras,PH
Algeciras,CO
Alhandra,PT
Alhandra,BR
Aliaga,TR
Aliaga,PH
Alicante,ES
Alicante,PH
Alice,ZA
Alice,US
Alipur,IN
Alipur,PK
Allen,AR
Allen,US
Allen,PH
Alma,CA
Alma,US
Almeirim,PT
Almeirim,BR
Almenara,ES
Almenara,BR
Almeria,PH
Almeria,ES
Alta,NO
Alta,SE
Altamira,CO
Altamira,MX
Altamira,BR
Altamira,DO
Altay,KZ
Altay,CN
Altdorf,DE
Altdorf,CH
Altendorf,DE
Altendorf,CH
Alton,GB
Alton,US
Altona,CA
Altona,DE
Altos,PY
Altos,BR
Alva,GB
Alva,US
Alvarado,CO
Alvarado,US
Alvarado,MX
Amaga,PH
Amaga,CO
Amalfi,IT
Amalfi,CO
Amarante,PT
Amarante,BR
Amelia,IT
Amelia,US
Ames,ES
Ames,US
Amesbury,US
Amesbury,GB
Amherst,CA
Amherst,US
Amstetten,DE
Amstetten,AT
Anahuac,MX
Anahuac,US
Anda,PH
Anda,CN
Andover,GB
Andover,US
Angostura,MX
Angostura,CO
Anna,RU
Anna,US
Anna,ES
Anta,PE
Anta,PT
Anta,IN
Antas,PT
Antas,ES
Antequera,ES
Antequera,PY
Antioch,TR
Antioch,US
Anyang,KR
Anyang,CN
Apia,CO
Apia,WS
Aquino,IT
Aquino,PH
Aral,CN
Aral,KZ
Arani,BO
Arani,IN
Ararat,AU
Ararat,AM
Arauco,AR
Arauco,CL
Arcade,IT
Arcade,US
Archidona,EC
Archidona,ES
Arcola,US
Arcola,IT
Arcos,PT
Arcos,BR
Ardon,CH
Ardon,RU
Ares,BR
Ares,ES
Ares,FR
Argo,SD
Argo,US
Arjona,CO
Arjona,ES
Armadale,GB
Armadale,AU
Armavir,AM
Armavir,RU
Armenia,PH
Armenia,CO
Armenia,SV
Armstrong,CA
Armstrong,AR
Arnold,GB
Arnold,US
Arona,IT
Arona,ES
Arroyo,PR
Arroyo,ES
Arta,DJ
Arta,ES
Arta,GR
Arundel,US
Arundel,GB
As,NO
As,CZ
As,BE
Asadabad,IR
Asadabad,AF
Asaka,UZ
Asaka,JP
Ash Shamiyah,IQ
Ash Shamiyah,KW
Ashbourne,IE
Ashbourne,GB
Ashburton,AU
Ashburton,GB
Ashford,GB
Ashford,US
Astara,IR
Astara,AZ
Asten,NL
Asten,AT
Astorga,BR
Astorga,PH
Astorga,ES
Astrakhan,KZ
Astrakhan,RU
Athens,US
Athens,GR
Atherton,US
Atherton,GB
Atherton,AU
Atlantis,ZA
Atlantis,US
Augusta,US
Augusta,IT
Aurora,BR
Aurora,US
Aurora,PH
Avion,FR
Avion,ES
Avon,FR
Avon,US
Aya,RU
Aya,PH
Ayr,AU
Ayr,GB
Az Zarqa,JO
Az Zarqa,EG
Azagra,ES
Azagra,PH
Babadag,TR
Babadag,RO
Babana,RO
Babana,NG
Baden,FR
Baden,AT
Baden,CH
Baden,US
Badin,US
Badin,PK
Bagan,PH
Bagan,RU
Bais,PH
Bais,FR
Bajna,IN
Bajna,HU
Bala,GB
Bala,RO
Bala,PS
Balaclava,JM
Balaclava,AU
Balan,RO
Balan,FR
Bali,CM
Bali,IN
Balila,JO
Balila,PH
Ballina,AU
Ballina,IE
Bamberg,US
Bamberg,DE
Bandon,US
Bandon,IE
Banff,CA
Banff,GB
Banga,IN
Banga,PH
Bangar,PH
Bangar,BN
Bangor,US
Bangor,GB
Bangui,PH
Bangui,CF
Bani,DO
Bani,PH
Banos,EC
Banos,PH
Bar,ME
Bar,UA
Bara,RO
Bara,SE
Bara,NG
Baracoa,CU
Baracoa,HN
Baran,BY
Baran,IN
Barberton,ZA
Barberton,US
Barby,FR
Barby,DE
Barcarena,BR
Barcarena,PT
Barcelona,VE
Barcelona,ES
Barcelona,PH
Barcelos,PT
Barcelos,BR
Barda,RU
Barda,AZ
Bari,IN
Bari,IT
Baro,PH
Baro,NG
Barra,GM
Barra,PH
Barra,BR
Barrhead,GB
Barrhead,CA
Barsana,RO
Barsana,IN
Basing,GB
Basing,PH
Batalha,BR
Batalha,PT
Batan,PH
Batan,CR
Bath,US
Bath,GB
Bath,JM
Bathurst,CA
Bathurst,AU
Batu,ID
Batu,PH
Baud,PH
Baud,FR
Bayan,CN
Bayan,KW
Bayeux,BR
Bayeux,FR
Bayonne,US
Bayonne,FR
Beaconsfield,GB
Beaconsfield,CA
Beaufort,FR
Beaufort,MY
Beaufort,US
Beaumont,US
Beaumont,FR
Beaumont,BE
Beaumont,CA
Beaumont,AU
Becerril,PH
Becerril,CO
Bedford,GB
Bedford,CA
Bedford,US
Bel Air,US
Bel Air,MU
Bela,IN
Bela,PK
Belalcazar,ES
Belalcazar,CO
Belaya,UA
Belaya,RU
Belen,NI
Belen,UY
Belen,TR
Belen,CR
Belen,CO
Belen,MX
Belen,US
Belfast,US
Belfast,ZA
Belfast,GB
Belgrade,US
Belgrade,RS
Bella Vista,AR
Bella Vista,US
Bella Vista,PY
Bellavista,MX
Bellavista,PE
Belleville,US
Belleville,CA
Belleville,FR
Bellevue,CH
Bellevue,US
Belmont,US
Belmont,GB
Belmonte,BR
Belmonte,ES
Beloeil,BE
Beloeil,CA
Belovo,RU
Belovo,BG
Beloye,UA
Beloye,RU
Belz,UA
Belz,FR
Benavente,ES
Benavente,PT
Benson,US
Benson,GB
Bentley,AU
Bentley,GB
Bera,BD
Bera,ES
Berea,ZA
Berea,US
Berezovo,RU
Berezovo,UA
Berg,NL
Berg,DE
Berg,CH
Berga,DE
Berga,ES
Bergen,NO
Bergen,DE
Bergheim,AT
Bergheim,DE
Beringen,BE
Beringen,CH
Berkeley,AU
Berkeley,GB
Berkeley,US
Berlin,SV
Berlin,US
Berlin,DE
Bertrange,LU
Bertrange,FR
Berwick,CA
Berwick,US
Betanzos,ES
Betanzos,BO
Bethesda,US
Bethesda,GB
Bethlehem,ZA
Bethlehem,PS
Bethlehem,US
Beverley,GB
Beverley,AU
Bexley,US
Bexley,AU
Bharatpur,NP
Bharatpur,IN
Biga,PH
Biga,TR
Biggar,GB
Biggar,CA
Bijela,ME
Bijela,BA
Birmingham,GB
Birmingham,US
Birr,CH
Birr,IE
Bissau,IN
Bissau,GW
Black Diamond,US
Black Diamond,CA
Blackburn,AU
Blackburn,GB
Blackheath,AU
Blackheath,GB
Blackwell,US
Blackwell,GB
Blackwood,US
Blackwood,GB
Blackwood,AU
Blairgowrie,GB
Blairgowrie,AU
Bluefields,JM
Bluefields,NI
Bo,SL
Bo,NO
Bocholt,BE
Bocholt,DE
Bogo,CM
Bogo,PH
Bogota,CO
Bogota,US
Bolivar,US
Bolivar,CO
Bolton,GB
Bolton,US
Bonanza,NI
Bonanza,US
Bondo,KE
Bondo,CD
Bonga,ET
Bonga,PH
Bonito,IT
Bonito,BR
Bono,IT
Bono,US
Boos,FR
Boos,DE
Bor,CZ
Bor,RS
Bor,SS
Bor,RU
Bor,TR
Borba,PT
Borba,BR
Borger,NL
Borger,US
Borger,DE
Borgo,FR
Borgo,IT
Borovo,BG
Borovo,HR
Bosingen,CH
Bosingen,DE
Boston,PH
Boston,US
Boston,GB
Bouafle,FR
Bouafle,CI
Boulder,AU
Boulder,US
Bourg,FR
Bourg,US
Bousse,BF
Bousse,FR
Boves,IT
Boves,FR
Bowdon,GB
Bowdon,US
Bradford,US
Bradford,GB
Braganca,BR
Braganca,PT
Braintree,US
Braintree,GB
Brampton,CA
Brampton,GB
Brandon,CA
Brandon,GB
Brandon,US
Breitenbach,DE
Breitenbach,CH
Bremen,US
Bremen,DE
Brentwood,GB
Brentwood,US
Brest,FR
Brest,BY
Bridgetown,AU
Bridgetown,US
Bridgetown,BB
Bridgewater,US
Bridgewater,AU
Bridgewater,CA
Brielle,US
Brielle,NL
Brighton,GB
Brighton,US
Brighton,AU
Brisbane,US
Brisbane,AU
Bristol,US
Bristol,GB
Broadway,US
Broadway,GB
Brody,UA
Brody,PL
Bronte,AU
Bronte,IT
Brookfield,US
Brookfield,AU
Brooklyn,NZ
Brooklyn,US
Brooks,US
Brooks,CA
Brunswick,US
Brunswick,AU
Buchanan,LR
Buchanan,US
Buckingham,US
Buckingham,GB
Buckley,GB
Buckley,US
Buda,US
Buda,RO
Buena Vista,BO
Buena Vista,PA
Buena Vista,PR
Buena Vista,US
Buenaventura,MX
Buenaventura,CO
Buenavista,CO
Buenavista,MX
Buenavista,PH
Buenos Aires,MX
Buenos Aires,AR
Buenos Aires,CO
Buenos Aires,CR
Buenos Aires,PE
Buga,PH
Buga,NG
Buga,CO
Buhl,US
Buhl,FR
Buhl,DE
Buk,PL
Buk,HU
Bunol,ES
Bunol,PH
Burgdorf,CH
Burgdorf,DE
Burgos,PH
Burgos,ES
Burla,RU
Burla,IN
Burlington,US
Burlington,CA
Burton,US
Burton,GB
Bury,GB
Bury,FR
Butterworth,ZA
Butterworth,MY
Buxton,US
Buxton,GB
Cabanas,CU
Cabanas,GT
Cabano,PH
Cabano,CA
Cabra,ES
Cabra,PH
Caceres,ES
Caceres,CO
Cadillac,FR
Cadillac,US
Cadiz,US
Cadiz,PH
Cadiz,ES
Cairo,US
Cairo,EG
Cajamarca,CO
Cajamarca,PE
Calais,US
Calais,FR
Calarasi,RO
Calarasi,MD
Calvi,IT
Calvi,FR
Camargo,MX
Camargo,BO
Camargo,ES
Camas,US
Camas,ES
Camas,TR
Cambridge,CA
Cambridge,NZ
Cambridge,JM
Cambridge,US
Cambridge,GB
Campana,IT
Campana,AR
Campanario,PT
Campanario,ES
Campbelltown,AU
Campbelltown,US
Campo,US
Campo,PT
Campo Grande,BR
Campo Grande,AR
Campo Largo,BR
Campo Largo,AR
Campo Maior,PT
Campo Maior,BR
Canals,AR
Canals,ES
Candelaria,AR
Candelaria,PR
Candelaria,BR
Candelaria,CU
Candelaria,ES
Candelaria,PH
Candelaria,CO
Canoas,BR
Canoas,CR
Cantagallo,CO
Cantagallo,IT
Cantanhede,PT
Cantanhede,BR
Cantel,PH
Cantel,GT
Canterbury,GB
Canterbury,US
Canterbury,AU
Cantoria,PH
Cantoria,ES
Capitanejo,CO
Capitanejo,PR
Caracal,PH
Caracal,RO
Cardenas,CU
Cardenas,MX
Cardiff,GB
Cardiff,AU
Cardona,ES
Cardona,UY
Cardona,PH
Carignan,CA
Carignan,FR
Carlisle,GB
Carlisle,US
Carmelo,UY
Carmelo,PH
Carmona,ES
Carmona,PH
Carnarvon,ZA
Carnarvon,AU
Carnegie,AU
Carnegie,US
Carolina,PR
Carolina,CO
Carolina,BR
Cartagena,ES
Cartagena,CL
Cartagena,CO
Cartagena,PH
Cartago,CO
Cartago,CR
Carthage,TN
Carthage,US
Castillo,DO
Castillo,PH
Castries,LC
Castries,FR
Castro,IT
Castro,ES
Castro,BR
Castro,CL
Catalina,RO
Catalina,US
Catarina,GT
Catarina,NI
Caux,CH
Caux,FR
Cayenne,FR
Cayenne,GF
Cerano,MX
Cerano,IT
Ceres,AR
Ceres,BR
Ceres,ZA
Ceres,US
Cerna,HR
Cerna,RO
Cerritos,US
Cerritos,MX
Cerro Azul,MX
Cerro Azul,AR
Cervantes,PH
Cervantes,AR
Chalais,CH
Chalais,FR
Cham,CH
Cham,DE
Chambly,FR
Chambly,CA
Chandler,CA
Chandler,US
Chantilly,US
Chantilly,FR
Chaparral,US
Chaparral,CO
Charleroi,US
Charleroi,BE
Charlestown,US
Charlestown,AU
Chatham,GB
Chatham,US
Chatillon,FR
Chatillon,IT
Chelmsford,GB
Chelmsford,US
Chelsea,US
Chelsea,GB
Cheltenham,AU
Cheltenham,GB
Cherryville,IE
Cherryville,US
Chester,GB
Chester,US
Chesterfield,GB
Chesterfield,US
Chichester,GB
Chichester,US
Chima,IN
Chima,CO
China,US
China,MX
Chinameca,SV
Chinameca,MX
Chinchilla,AU
Chinchilla,US
Chinchon,ES
Chinchon,KR
Chino,US
Chino,JP
Chipping Norton,AU
Chipping Norton,GB
Chita,CO
Chita,RU
Chitre,PA
Chitre,NP
Christchurch,NZ
Christchurch,GB
Cifuentes,CU
Cifuentes,ES
Ciudad Bolivar,VE
Ciudad Bolivar,CO
Clare,GB
Clare,US
Clare,AU
Claremont,US
Claremont,ZA
Claremont,AU
Clarkson,US
Clarkson,AU
Clarkston,US
Clarkston,GB
Clermont,FR
Clermont,US
Cleveland,AU
Cleveland,US
Clifton Springs,AU
Clifton Springs,US
Coaldale,CA
Coaldale,US
Coatepeque,GT
Coatepeque,SV
Cochrane,CA
Cochrane,CL
Cofradia,MX
Cofradia,HN
Colchester,GB
Colchester,US
Coleraine,US
Coleraine,GB
Colima,MX
Colima,CR
Colombia,CO
Colombia,CU
Colombo,BR
Colombo,LK
Colon,CU
Colon,MX
Colon,PA
Colon,CR
Colon,CO
Colonia,US
Colonia,PH
Comerio,PR
Comerio,IT
Comitancillo,MX
Comitancillo,GT
Como,IT
Como,US
Como,AU
Compostela,MX
Compostela,PH
Compton,US
Compton,GB
Concepcion,PH
Concepcion,CO
Concepcion,PE
Concepcion,AR
Concepcion,BO
Concepcion,PY
Concepcion,CL
Concepcion,GT
Concepcion,CR
Concord,CA
Concord,US
Concord,AU
Concordia,PH
Concordia,CO
Concordia,MX
Concordia,BR
Concordia,AR
Concordia,US
Condado,CU
Condado,BR
Constancia,MX
Constancia,PH
Constantine,US
Constantine,DZ
Constitucion,UY
Constitucion,CL
Consuegra,PH
Consuegra,ES
Cordoba,AR
Cordoba,MX
Cordoba,ES
Cordoba,CO
Cordova,PH
Cordova,US
Corinto,BR
Corinto,CO
Corinto,NI
Corinto,SV
Cornwall,US
Cornwall,CA
Corozal,CO
Corozal,BZ
Corozal,HN
Corozal,PR
Cortez,US
Cortez,PH
Courtenay,CA
Courtenay,FR
Coventry,GB
Coventry,US
Cowes,GB
Cowes,AU
Cranbrook,GB
Cranbrook,CA
Crest,US
Crest,FR
Creston,US
Creston,CA
Creswell,US
Creswell,GB
Creve Coeur,US
Creve Coeur,MU
Crewe,GB
Crewe,US
Crofton,GB
Crofton,US
Crosby,US
Crosby,GB
Croydon,AU
Croydon,US
Cruz Alta,AR
Cruz Alta,BR
Cuenca,EC
Cuenca,PH
Cuenca,ES
Cumberland,US
Cumberland,CA
Curti,IT
Curti,IN
Curug,RS
Curug,ID
Dalby,SE
Dalby,AU
Dalkeith,AU
Dalkeith,GB
Damascus,SY
Damascus,US
Damme,BE
Damme,DE
Danbury,GB
Danbury,US
Darlington,AU
Darlington,US
Darlington,GB
Dartmouth,GB
Dartmouth,CA
Daru,PG
Daru,SL
Daulatpur,IN
Daulatpur,PK
Davidson,AU
Davidson,US
Delhi,IN
Delhi,US
Delphi,US
Delphi,GR
Delta,US
Delta,MX
Delta,CA
Denmark,AU
Denmark,US
Denton,US
Denton,GB
Derbent,TR
Derbent,RU
Derby,GB
Derby,AU
Derby,US
Derry,IE
Derry,GB
Derry,US
Desna,UA
Desna,CZ
Dhaka,BD
Dhaka,IN
Dhali,IN
Dhali,CY
Diamante,AR
Diamante,IT
Diamantina,PH
Diamantina,BR
Didsbury,GB
Didsbury,CA
Dieppe,CA
Dieppe,FR
Dimitrovgrad,RU
Dimitrovgrad,BG
Dingle,PH
Dingle,IE
Discovery Bay,JM
Discovery Bay,US
Doba,TD
Doba,RO
Dobra,PL
Dobra,RO
Dobra,CZ
Dobre,PL
Dobre,UA
Dobrun,RU
Dobrun,RO
Dobryanka,UA
Dobryanka,RU
Dolo,IT
Dolo,PH
Dolores,NI
Dolores,AR
Dolores,PH
Dolores,GT
Dolores,ES
Dolores,UY
Donetsk,RU
Donetsk,UA
Donnybrook,AU
Donnybrook,IE
Dordrecht,NL
Dordrecht,ZA
Dos Hermanas,ES
Dos Hermanas,PH
Douglas,US
Douglas,IM
Dover,GB
Dover,US
Dresden,US
Dresden,DE
Druzhba,RU
Druzhba,UA
Duarte,MX
Duarte,US
Dublin,US
Dublin,IE
Dudley,US
Dudley,GB
Duenas,ES
Duenas,PH
Dumbarton,US
Dumbarton,GB
Dunbar,US
Dunbar,GB
Duncan,CA
Duncan,US
Dundalk,US
Dundalk,IE
Dundee,US
Dundee,ZA
Dundee,GB
Dunedin,US
Dunedin,NZ
Dunkirk,GB
Dunkirk,US
Dunstable,US
Dunstable,GB
Duran,EC
Duran,PH
Durango,MX
Durango,US
Durango,ES
Durham,US
Durham,GB
Easington,JM
Easington,GB
East Hills,US
East Hills,AU
Easton,GB
Easton,US
Eastwood,GB
Eastwood,US
Eaton,AU
Eaton,US
Eden,PH
Eden,US
Eden,AU
Edinburgh,US
Edinburgh,GB
Eglinton,AU
Eglinton,GB
El Bosque,MX
El Bosque,ES
El Carril,AR
El Carril,DO
El Castillo,MX
El Castillo,CO
El Cerrito,US
El Cerrito,CO
El Colorado,AR
El Colorado,MX
El Dorado,MX
El Dorado,US
El Limon,MX
El Limon,VE
El Llano,MX
El Llano,DO
El Llano,HN
El Monte,US
El Monte,CL
El Palmar,DO
El Palmar,GT
El Paso,CO
El Paso,US
El Paso,ES
El Penon,DO
El Penon,CO
El Progreso,GT
El Progreso,HN
El Progreso,PA
El Rosario,HN
El Rosario,MX
El Rosario,SV
El Rosario,NI
El Rosario,CO
El Tejar,GT
El Tejar,MX
El Triunfo,HN
El Triunfo,EC
El Tular,MX
El Tular,HN
Eldorado,BR
Eldorado,US
Elena,AR
Elena,BG
Elgin,GB
Elgin,US
Elizabeth,US
Elizabeth,AU
Elwood,US
Elwood,AU
Ely,US
Ely,GB
Embu,KE
Embu,BR
Emmaus,RU
Emmaus,US
Emmen,NL
Emmen,CH
Emsworth,GB
Emsworth,US
Enderby,GB
Enderby,CA
Enfield,US
Enfield,AU
Ennis,US
Ennis,IE
Entre Rios,BR
Entre Rios,BO
Epe,NG
Epe,NL
Epping,GB
Epping,AU
Epsom,GB
Epsom,US
Epworth,ZW
Epworth,GB
Erlenbach,CH
Erlenbach,DE
Ermelo,NL
Ermelo,ZA
Erzin,TR
Erzin,RU
Eschau,FR
Eschau,DE
Eschenbach,CH
Eschenbach,DE
Escuintla,GT
Escuintla,MX
Esmeralda,PH
Esmeralda,CU
Espanola,US
Espanola,CA
Esperance,AU
Esperance,US
Esperanza,AR
Esperanza,DO
Esperanza,PH
Esperanza,MX
Esperanza,CU
Essen,BE
Essen,DE
Estancia,PH
Estancia,BR
Exeter,GB
Exeter,US
Fairview,CA
Fairview,US
Falkenberg,DE
Falkenberg,SE
Falmouth,US
Falmouth,GB
Falmouth,JM
Farah,AF
Farah,IN
Faridpur,IN
Faridpur,BD
Farnham,CA
Farnham,GB
Felsberg,DE
Felsberg,CH
Ferndale,GB
Ferndale,US
Filadelfia,PY
Filadelfia,CO
Filadelfia,IT
Finley,AU
Finley,US
Fitzwilliam,US
Fitzwilliam,GB
Fleetwood,GB
Fleetwood,US
Flint,GB
Flint,US
Flora,US
Flora,PH
Flores,HN
Flores,GT
Flores,BR
Floresti,RO
Floresti,MD
Florida,US
Florida,CO
Florida,UY
Florida,HN
Florida,PR
Florida,CU
Foca,TR
Foca,BA
Fontana,AR
Fontana,US
Fontvieille,MC
Fontvieille,FR
Forbach,DE
Forbach,FR
Forest Hill,AU
Forest Hill,US
Forestville,AU
Forestville,US
Forestville,CA
Forino,IT
Forino,MK
Formosa,BR
Formosa,AR
Fortuna,ES
Fortuna,BR
Fortuna,US
Fortuna,CR
Fredonia,US
Fredonia,CO
Freeport,US
Freeport,BS
Freetown,US
Freetown,SL
Freshwater,AU
Freshwater,GB
Fresno,US
Fresno,CO
Frontera,MX
Frontera,ES
Fruitvale,US
Fruitvale,CA
Fundacion,CO
Fundacion,DO
Fundao,PT
Fundao,BR
Funes,ES
Funes,AR
Funes,CO
Gagarin,RU
Gagarin,UZ
Gais,CH
Gais,IT
Galston,GB
Galston,AU
Galvez,AR
Galvez,ES
Gamba,GA
Gamba,TZ
Gap,US
Gap,FR
Gay,RU
Gay,AM
Gaya,NE
Gaya,IN
Gaya,NG
Gazi,KE
Gazi,GR
Genova,IT
Genova,CO
Genova,GT
George Town,KY
George Town,AU
George Town,MY
Georgetown,GM
Georgetown,GY
Georgetown,US
Georgiyevka,RU
Georgiyevka,KZ
Gibraltar,US
Gibraltar,GI
Gladstone,AU
Gladstone,US
Glasgow,GB
Glasgow,US
Glastonbury,US
Glastonbury,GB
Glencoe,ZA
Glencoe,US
Glendale,ZW
Glendale,US
Glina,HR
Glina,RO
Glodeni,MD
Glodeni,RO
Gloucester,US
Gloucester,AU
Gloucester,GB
Golden,CA
Golden,US
Golden Grove,US
Golden Grove,AU
Golden Grove,JM
Goma,CD
Goma,PH
Gondomar,PT
Gondomar,ES
Gonzaga,PH
Gonzaga,IT
Gonzalez,CO
Gonzalez,US
Gora,PL
Gora,NG
Gordes,TR
Gordes,FR
Gordon,AU
Gordon,US
Gore,ET
Gore,NZ
Gotha,US
Gotha,DE
Grado,IT
Grado,ES
Grafton,US
Grafton,AU
Granada,PH
Granada,CO
Granada,ES
Granada,NI
Granby,US
Granby,CA
Grand Forks,CA
Grand Forks,US
Graneros,CL
Graneros,AR
Grantham,GB
Grantham,US
Granville,AU
Granville,FR
Granville,US
Gray,US
Gray,FR
Greenfield,US
Greenfield,GB
Greenock,GB
Greenock,US
Greenville,US
Greenville,LR
Greenwich,AU
Greenwich,US
Greenwood,US
Greenwood,CA
Gretna,GB
Gretna,US
Greve,DK
Greve,IT
Griffith,AU
Griffith,US
Groningen,SR
Groningen,NL
Grove,GB
Grove,US
Guadalajara,MX
Guadalajara,ES
Guadalupe,ES
Guadalupe,CO
Guadalupe,PE
Guadalupe,CR
Guadalupe,PH
Guadalupe,PA
Guadalupe,US
Guadalupe,MX
Guayabal,PR
Guayabal,CO
Guia,ES
Guia,PT
Guildford,AU
Guildford,GB
Gurun,TR
Gurun,MY
Hadley,US
Hadley,GB
Hajjah,PS
Hajjah,YE
Halifax,CA
Halifax,GB
Halifax,US
Halle,BE
Halle,DE
Halstead,GB
Halstead,US
Hamburg,DE
Hamburg,US
Hamilton,US
Hamilton,NZ
Hamilton,GB
Hamilton,CA
Hamilton,AU
Hamilton,BM
Hampstead,US
Hampstead,CA
Hampton,CA
Hampton,US
Hampton,AU
Hangu,RO
Hangu,PK
Hangu,CN
Hanover,US
Hanover,CA
Happy Valley,AU
Happy Valley,US
Haren,NL
Haren,DE
Haripur,IN
Haripur,PK
Harlingen,US
Harlingen,NL
Harnai,IN
Harnai,PK
Harrington,US
Harrington,AU
Harrison,PH
Harrison,US
Harrogate,GB
Harrogate,US
Harvey,AU
Harvey,US
Harwich,US
Harwich,GB
Hasselt,BE
Hasselt,NL
Hastings,US
Hastings,AU
Hastings,SL
Hastings,GB
Hastings,NZ
Hatfield,GB
Hatfield,US
Hausen,DE
Hausen,CH
Havana,US
Havana,CU
Haverhill,US
Haverhill,GB
Hawarden,US
Hawarden,GB
Haworth,US
Haworth,GB
Hayes,GB
Hayes,JM
Hayfield,US
Hayfield,GB
Hazro,PK
Hazro,TR
Heathcote,US
Heathcote,AU
Hebron,PS
Hebron,US
Heidelberg,ZA
Heidelberg,DE
Heiden,CH
Heiden,DE
Helensburgh,GB
Helensburgh,AU
Hempstead,GB
Hempstead,US
Hereford,GB
Hereford,US
Hernando,US
Hernando,AR
Hernani,PH
Hernani,ES
Herne,DE
Herne,BE
Herrera,PH
Herrera,ES
Hertford,GB
Hertford,US
Hidalgo,MX
Hidalgo,US
Hillsborough,US
Hillsborough,GB
Hinckley,GB
Hinckley,US
Hingham,GB
Hingham,US
Hinton,GB
Hinton,CA
Hinton,US
Hobart,US
Hobart,AU
Hobo,PH
Hobo,CO
Hoboken,BE
Hoboken,US
Hochdorf,CH
Hochdorf,DE
Hohenau,DE
Hohenau,PY
Holsworthy,GB
Holsworthy,AU
Hondo,JP
Hondo,US
Hope,US
Hope,CA
Horn,DE
Horn,CH
Horn,AT
Horsham,US
Horsham,AU
Horsham,GB
Horst,DE
Horst,NL
Houston,US
Houston,GB
Houston,CA
Hove,BE
Hove,GB
Hudson,CA
Hudson,US
Hull,US
Hull,GB
Humboldt,US
Humboldt,CA
Huntingdon,CA
Huntingdon,US
Huntingdon,GB
Huntsville,US
Huntsville,CA
Hyderabad,IN
Hyderabad,PK
Ibarra,PH
Ibarra,EC
Ibi,NG
Ibi,ES
Ichon,PH
Ichon,KR
Ilam,NP
Ilam,IR
Ilchester,GB
Ilchester,US
Ilion,GR
Ilion,US
Illela,NE
Illela,NG
Imperial,PE
Imperial,US
Ina,US
Ina,JP
Independencia,PE
Independencia,BR
Inga,FI
Inga,BR
Ingenio,ES
Ingenio,PR
Interlaken,US
Interlaken,CH
Inverness,GB
Inverness,US
Inza,CO
Inza,RU
Ipswich,US
Ipswich,GB
Irvine,US
Irvine,GB
Isabela,PH
Isabela,PR
Islington,JM
Islington,GB
Istok,RU
Istok,XK
Itu,BR
Itu,NG
Izra,SY
Izra,JO
Jaen,PH
Jaen,PE
Jaen,ES
Jalalabad,IN
Jalalabad,AF
Jalalpur,IN
Jalalpur,PK
Jalapa,NI
Jalapa,GT
Jalapa,MX
Jamalpur,BD
Jamalpur,IN
Jamestown,SH
Jamestown,US
Jardin,CO
Jardin,FR
Jawhar,IN
Jawhar,SO
Jena,US
Jena,DE
Jericho,US
Jericho,PS
Jerico,HN
Jerico,CO
Jesenice,CZ
Jesenice,HR
Jesenice,SI
Jimenez,PH
Jimenez,MX
Joinville,BR
Joinville,FR
Jones,US
Jones,PH
Jordan,US
Jordan,PH
Junin,EC
Junin,AR
Junin,PE
Juru,BR
Juru,MY
Jutiapa,HN
Jutiapa,GT
Kabala,TR
Kabala,SL
Kabul,AF
Kabul,IL
Kadoma,ZW
Kadoma,JP
Kaman,TR
Kaman,IN
Kamen,HR
Kamen,DE
Kamenka,RU
Kamenka,KZ
Kandi,BJ
Kandi,IN
Kant,KG
Kant,IN
Karasu,KZ
Karasu,TR
Kas,DK
Kas,TR
Kasama,JP
Kasama,ZM
Kathu,TH
Kathu,ZA
Kati,IN
Kati,ML
Kayes,CG
Kayes,ML
Kazan,TR
Kazan,RU
Kelso,AU
Kelso,US
Kelso,GB
Kempsey,GB
Kempsey,AU
Kenilworth,GB
Kenilworth,US
Kensington,US
Kensington,AU
Keren,CN
Keren,ER
Kerman,US
Kerman,IR
Kesabpur,BD
Kesabpur,IN
Keswick,CA
Keswick,GB
Kettering,US
Kettering,GB
Khanpur,IN
Khanpur,PK
Khash,IR
Khash,AF
Khorol,UA
Khorol,RU
Kiel,DE
Kiel,US
Kijang,ID
Kijang,KR
Kimberley,CA
Kimberley,ZA
Kimberley,GB
Kingsbury,US
Kingsbury,GB
Kingsford,AU
Kingsford,US
Kingston,JM
Kingston,NF
Kingston,US
Kingston,CA
Kingston,AU
Kinross,GB
Kinross,AU
Kirchberg,DE
Kirchberg,CH
Kirkland,CA
Kirkland,US
Kirkwood,ZA
Kirkwood,US
Kirovsk,RU
Kirovsk,UA
Kirovskiy,TJ
Kirovskiy,RU
Kirya,RU
Kirya,TZ
Komarno,SK
Komarno,UA
Komsomolets,KZ
Komsomolets,RU
Komsomolsk,UA
Komsomolsk,RU
Komsomolskiy,UZ
Komsomolskiy,RU
Konstantinovo,BY
Konstantinovo,RU
Korba,IN
Korba,TN
Kose,TR
Kose,EE
Kotovsk,UA
Kotovsk,RU
Krasne,UA
Krasne,PL
Krasnogorskiy,RU
Krasnogorskiy,KZ
Krasnoye,UA
Krasnoye,RU
Krasnyy Kut,RU
Krasnyy Kut,UA
Kratovo,RU
Kratovo,MK
Kula,TR
Kula,BG
Kulu,IN
Kulu,TR
Kumi,UG
Kumi,KR
Kunda,EE
Kunda,IN
Kurchatov,KZ
Kurchatov,RU
Kure,TR
Kure,JP
Kuta,NG
Kuta,ID
Kwale,NG
Kwale,KE
La Asuncion,VE
La Asuncion,CR
La Calera,MX
La Calera,AR
La Calera,CO
La Carlota,PH
La Carlota,AR
La Carlota,ES
La Ceiba,HN
La Ceiba,MX
La Concepcion,PA
La Concepcion,NI
La Concepcion,MX
La Concepcion,HN
La Cruz,CO
La Cruz,CR
La Cruz,MX
La Cruz,AR
La Cumbre,AR
La Cumbre,CO
La Ermita,MX
La Ermita,HN
La Esperanza,CO
La Esperanza,GT
La Esperanza,PA
La Esperanza,HN
La Granja,AR
La Granja,PH
La Joya,MX
La Joya,US
La Libertad,MX
La Libertad,PH
La Libertad,GT
La Libertad,SV
La Libertad,EC
La Libertad,NI
La Libertad,HN
La Mesa,PA
La Mesa,CO
La Mesa,US
La Paloma,UY
La Paloma,US
La Paz,HN
La Paz,UY
La Paz,MX
La Paz,AR
La Paz,CO
La Paz,BO
La Paz,PH
La Pintada,CO
La Pintada,PA
La Plata,AR
La Plata,CO
La Plata,US
La Presa,US
La Presa,MX
La Reforma,GT
La Reforma,MX
La Rinconada,PE
La Rinconada,ES
La Romana,DO
La Romana,ES
La Trinidad,PH
La Trinidad,MX
La Trinite,FR
La Trinite,MQ
La Union,CL
La Union,SV
La Union,PE
La Union,MX
La Union,CO
La Union,ES
La Union,PH
La Union,HN
La Union,GT
La Victoria,VE
La Victoria,CO
Labuan,ID
Labuan,PH
Lacin,TR
Lacin,AZ
Lacombe,CA
Lacombe,US
Ladysmith,US
Ladysmith,CA
Lago,IT
Lago,SL
Lagoa,BR
Lagoa,PT
Lagos,PT
Lagos,NG
Laguna,BR
Laguna,US
Lala,PH
Lala,IN
Lamas,PT
Lamas,PE
Lampa,PE
Lampa,CL
Lampertheim,DE
Lampertheim,FR
Lancaster,US
Lancaster,GB
Landen,BE
Landen,US
Langendorf,DE
Langendorf,CH
Langley Park,GB
Langley Park,US
Lansdowne,US
Lansdowne,IN
Laredo,US
Laredo,PE
Laredo,ES
Las Animas,CL
Las Animas,US
Las Lajas,HN
Las Lajas,AR
Las Lomas,PA
Las Lomas,PE
Las Lomas,US
Las Piedras,PR
Las Piedras,UY
Las Rosas,ES
Las Rosas,AR
Las Tablas,ES
Las Tablas,PA
Las Toscas,AR
Las Toscas,UY
Las Vegas,HN
Las Vegas,US
Latrobe,US
Latrobe,AU
Lauderdale,AU
Lauderdale,US
Laufen,CH
Laufen,DE
Laufenburg,DE
Laufenburg,CH
Launceston,GB
Launceston,AU
Laurel,US
Laurel,PH
Laval,FR
Laval,CA
Lawson,AU
Lawson,US
Lazi,UA
Lazi,PH
Lebrija,ES
Lebrija,CO
Leeds,US
Leeds,GB
Leek,NL
Leek,GB
Leganes,PH
Leganes,ES
Leicester,GB
Leicester,US
Leninskiy,RU
Leninskiy,MD
Leninskiy,KZ
Lens,FR
Lens,BE
Lens,CH
Leominster,GB
Leominster,US
Leon,PH
Leon,US
Leon,MX
Leon,ES
Leon,NI
Lesna,CZ
Lesna,PL
Lesnica,RS
Lesnica,PL
Levittown,US
Levittown,PR
Lewes,US
Lewes,GB
Lewiston,AU
Lewiston,US
Libertad,UY
Libertad,PH
Liberty,US
Liberty,PH
Lille,FR
Lille,BE
Lima,US
Lima,PE
Limay,FR
Limay,PH
Limbe,HT
Limbe,CM
Linares,CO
Linares,ES
Linares,MX
Linares,CL
Lincoln,AR
Lincoln,NZ
Lincoln,US
Lincoln,GB
Linda,RU
Linda,US
Linden,US
Linden,GY
Lisbon,PT
Lisbon,US
Littlehampton,GB
Littlehampton,AU
Liverpool,GB
Liverpool,US
Liverpool,AU
Livingston,US
Livingston,GB
Livingston,GT
Llanera,PH
Llanera,ES
Llorente,CR
Llorente,PH
Lodi,US
Lodi,IT
Loftus,GB
Loftus,AU
Loja,EC
Loja,ES
Lom,NO
Lom,BG
London,US
London,CA
Longford,IE
Longford,AU
Longtown,US
Longtown,GB
Lopez,PH
Lopez,CO
Loreto,IT
Loreto,AR
Loreto,MX
Loreto,PH
Los Altos,MX
Los Altos,US
Los Altos,AR
Los Andes,CL
Los Andes,CO
Los Angeles,CL
Los Angeles,US
Los Angeles,PH
Los Banos,US
Los Banos,PH
Los Llanos,PR
Los Llanos,DO
Los Molinos,US
Los Molinos,ES
Lourdes,PH
Lourdes,FR
Loyola,PH
Loyola,US
Luanda,AO
Luanda,KE
Lubao,CD
Lubao,PH
Lucas,BR
Lucas,US
Lucena,ES
Lucena,PH
Ludlow,US
Ludlow,GB
Lugo,ES
Lugo,IT
Lugo,PH
Lunen,DE
Lunen,PH
Luz,PT
Luz,BR
Luzino,RU
Luzino,PL
Lyman,UA
Lyman,US
Lyndhurst,GB
Lyndhurst,US
Lyuban,BY
Lyuban,RU
Macau,MO
Macau,FR
Macau,BR
Macia,MZ
Macia,AR
Macon,US
Macon,FR
Madaras,RO
Madaras,HU
Madera,MX
Madera,US
Madrid,PH
Madrid,MX
Madrid,ES
Madrid,US
Madrid,CO
Madridejos,ES
Madridejos,PH
Mafra,PT
Mafra,BR
Magadi,IN
Magadi,KE
Magenta,IT
Magenta,FR
Maghar,IL
Maghar,IN
Mahala,BA
Mahala,PH
Mahuta,TZ
Mahuta,NG
Mala,SE
Mala,PE
Malabar,US
Malabar,AU
Malaga,ES
Malaga,PH
Malaga,CO
Malakoff,US
Malakoff,FR
Male,IT
Male,MV
Malino,PH
Malino,RU
Malka,JO
Malka,RU
Malmesbury,GB
Malmesbury,ZA
Maltby,US
Maltby,GB
Malvern,US
Malvern,JM
Mama,MX
Mama,RU
Mamou,GN
Mamou,US
Manati,PR
Manati,CU
Manati,CO
Manchester,GB
Manchester,US
Mandal,IN
Mandal,NO
Mandeville,US
Mandeville,JM
Mandra,GR
Mandra,RO
Manga,BF
Manga,BR
Manga,PH
Mani,MX
Mani,CO
Manila,PH
Manila,US
Manning,AU
Manning,US
Manor,IN
Manor,US
Mansa,ZM
Mansa,IN
Mansfield,AU
Mansfield,GB
Mansfield,US
Manta,IT
Manta,EC
Mantua,US
Mantua,CU
Manuel,MX
Manuel,ES
Many,HU
Many,US
Manzanares,ES
Manzanares,CO
Manzanillo,CU
Manzanillo,MX
Mao,ES
Mao,TD
Marathon,CA
Marathon,US
Marawi,SD
Marawi,PH
Marco,US
Marco,BR
Margarita,PA
Margarita,CO
Margate,US
Margate,ZA
Margate,AU
Margate,GB
Margherita,IN
Margherita,UG
Marigot,MF
Marigot,DM
Marin,ES
Marin,MX
Marino,AU
Marino,IT
Marino,MK
Marion,US
Marion,AU
Markham,US
Markham,CA
Marlborough,GB
Marlborough,US
Marlow,US
Marlow,DE
Marlow,GB
Marsa,RO
Marsa,MT
Marshfield,GB
Marshfield,US
Martin,SK
Martin,US
Martorell,ES
Martorell,PR
Masaka,UG
Masaka,SL
Masaya,NI
Masaya,PH
Mascot,AU
Mascot,US
Matanzas,DO
Matanzas,CU
Matay,KZ
Matay,EG
Mattawa,US
Mattawa,CA
Maua,KE
Maua,BR
Mayfield,GB
Mayfield,US
Mayo,US
Mayo,PH
Mayorga,ES
Mayorga,PH
Meadow Lake,US
Meadow Lake,CA
Mecca,SA
Mecca,US
Medellin,ES
Medellin,CO
Medellin,PH
Medina,AU
Medina,US
Medina,CO
Medina,PH
Medina,SA
Medina,BR
Medina,MX
Melbourne,GB
Melbourne,AU
Melbourne,US
Melfi,IT
Melfi,TD
Melissa,IT
Melissa,US
Melle,DE
Melle,BE
Melle,FR
Melrose,US
Melrose,MU
Melville,US
Melville,AU
Melville,CA
Mena,UA
Mena,US
Mende,HU
Mende,FR
Mendi,ET
Mendi,PG
Mercedes,UY
Mercedes,AR
Mercedes,US
Mercedes,CR
Mercedes,PH
Merida,PH
Merida,ES
Merida,MX
Merida,VE
Meru,FR
Meru,KE
Messina,IT
Messina,ZA
Mexico,PH
Mexico,US
Middelburg,ZA
Middelburg,NL
Middleton,US
Middleton,GB
Midland,US
Midland,AU
Midland,CA
Milan,CO
Milan,US
Milford,GB
Milford,US
Milot,HT
Milot,AL
Milton,NZ
Milton,US
Mina,MX
Mina,PH
Minas,UY
Minas,CU
Minden,DE
Minden,US
Minglanilla,ES
Minglanilla,PH
Mino,ES
Mino,JP
Mira,IT
Mira,PT
Miramar,AR
Miramar,MX
Miramar,US
Miramar,CR
Miranda,AU
Miranda,BR
Miranda,PH
Miranda,PR
Miranda,CO
Mirzapur,IN
Mirzapur,BD
Misliyah,PS
Misliyah,SA
Mission,CA
Mission,US
Moana,AU
Moana,ES
Moca,PR
Moca,DO
Mol,BE
Mol,RS
Molteno,IT
Molteno,ZA
Monastir,TN
Monastir,IT
Moncao,PT
Moncao,BR
Mondovi,US
Mondovi,IT
Mondragon,FR
Mondragon,PH
Monmouth,US
Monmouth,GB
Monrovia,US
Monrovia,LR
Montague,CA
Montague,US
Montana,CH
Montana,BG
Montblanc,FR
Montblanc,ES
Monte Alto,US
Monte Alto,BR
Montebello,CO
Montebello,US
Montecarlo,IT
Montecarlo,AR
Montecillo,PH
Montecillo,MX
Monterey,US
Monterey,AU
Monterrey,MX
Monterrey,CO
Monterrey,HN
Montevideo,US
Montevideo,UY
Montgomery,PK
Montgomery,US
Montijo,PT
Montijo,ES
Montilla,PH
Montilla,ES
Montmagny,FR
Montmagny,CA
Montreal,CA
Montreal,FR
Montrose,AU
Montrose,US
Montrose,GB
Moosburg,AT
Moosburg,DE
Mora,SE
Mora,US
Mora,ES
Mora,CM
Morales,GT
Morales,CO
Morales,PH
Morazan,GT
Morazan,HN
Morehead,US
Morehead,PG
Morelia,CO
Morelia,MX
Mori,JP
Mori,IT
Moron,AR
Moron,CU
Moron,VE
Morrison,AR
Morrison,US
Morsbach,FR
Morsbach,DE
Moscow,RU
Moscow,US
Moya,KM
Moya,ES
Mulino,US
Mulino,RU
Mullheim,DE
Mullheim,CH
Munsingen,DE
Munsingen,CH
Munster,DE
Munster,FR
Munster,US
Murcia,PH
Murcia,ES
Muri,CH
Muri,IN
Mustafabad,IN
Mustafabad,PK
Mwanza,MW
Mwanza,TZ
Nabinagar,BD
Nabinagar,IN
Naco,MX
Naco,HN
Nago,JP
Nago,IT
Namanga,KE
Namanga,TZ
Naranjal,PY
Naranjal,EC
Naranjito,HN
Naranjito,EC
Naranjito,PR
Naro,PH
Naro,IT
Naruja,GE
Naruja,RO
Nasirabad,IN
Nasirabad,PK
Nassau,DE
Nassau,BS
Nata,PA
Nata,BW
Nawabganj,BD
Nawabganj,IN
Nazare,BR
Nazare,PT
Nazareth,BE
Nazareth,US
Nazareth,IL
Nelson,NZ
Nelson,GB
Nelson,CA
Neufchateau,BE
Neufchateau,FR
Neunkirchen,DE
Neunkirchen,AT
New Town,US
New Town,AU
Newburgh,US
Newburgh,GB
Newcastle,AU
Newcastle,US
Newcastle,ZA
Newington,GB
Newington,US
Newman,AU
Newman,US
Newmarket,CA
Newmarket,US
Newmarket,GB
Newport,US
Newport,GB
Newport,CW
Newport,AU
Newtown,US
Newtown,AU
Newtown,GB
Ngoro,ID
Ngoro,CM
Niagara Falls,US
Niagara Falls,CA
Nice,FR
Nice,US
Nicosia,CY
Nicosia,IT
Nieves,PH
Nieves,MX
Nikopol,UA
Nikopol,BG
Nogales,US
Nogales,MX
Nola,IT
Nola,CF
North Beach,US
North Beach,AU
North Shore,US
North Shore,NZ
North Shore,AU
North York,US
North York,CA
Northam,GB
Northam,AU
Northampton,US
Northampton,GB
Norton,ZW
Norton,US
Norwich,GB
Norwich,US
Nottingham,GB
Nottingham,US
Novi Pazar,RS
Novi Pazar,BG
Novomoskovsk,UA
Novomoskovsk,RU
Novopokrovka,RU
Novopokrovka,UA
Nueva Concepcion,GT
Nueva Concepcion,SV
Nuevo Progreso,MX
Nuevo Progreso,GT
Nzega,TZ
Nzega,RW
Oakley,GB
Oakley,US
Oakville,CA
Oakville,US
Obando,PH
Obando,CO
Oberkirch,DE
Oberkirch,CH
Ocampo,PH
Ocampo,MX
Ocana,PH
Ocana,ES
Ocana,CO
Odessa,US
Odessa,UA
Oguz,TR
Oguz,AZ
Okha,RU
Okha,IN
Olga,US
Olga,RU
Oliva,AR
Oliva,ES
Oliveira,PT
Oliveira,BR
Oliver,US
Oliver,CA
Olivia,MU
Olivia,US
Olmedo,ES
Olmedo,IT
Olney,GB
Olney,US
Olot,ES
Olot,UZ
Ome,JP
Ome,IT
Oran,DZ
Oran,IN
Orange,US
Orange,AU
Orange,FR
Orani,PH
Orani,IT
Ordzhonikidze,KZ
Ordzhonikidze,UA
Oria,ES
Oria,IT
Orleans,US
Orleans,BR
Orleans,FR
Oropesa,ES
Oropesa,PE
Orosi,CR
Orosi,US
Orsha,BY
Orsha,RU
Ossun,US
Ossun,FR
Ostra,IT
Ostra,RO
Ostrov,RO
Ostrov,RU
Ostrov,CZ
Ottawa,US
Ottawa,CA
Ottenbach,DE
Ottenbach,CH
Ourem,PT
Ourem,BR
Overton,GB
Overton,US
Oviedo,US
Oviedo,DO
Oviedo,ES
Oxford,US
Oxford,GB
Oyon,PE
Oyon,ES
Oyster Bay,US
Oyster Bay,AU
Pace,FR
Pace,US
Pacora,CO
Pacora,PA
Padang,PH
Padang,ID
Padilla,BO
Padilla,CO
Padina,RS
Padina,RO
Padstow,GB
Padstow,AU
Paita,NC
Paita,PE
Pajo,PH
Pajo,BT
Palatka,US
Palatka,RU
Palau,MX
Palau,IT
Pale,BA
Pale,GQ
Palencia,ES
Palencia,GT
Palenque,MX
Palenque,EC
Palermo,CO
Palermo,US
Palermo,IT
Palestina,EC
Palestina,PH
Palestina,CO
Palmas,PR
Palmas,BR
Palmira,CU
Palmira,CO
Palo Alto,US
Palo Alto,MX
Palu,TR
Palu,ID
Pamplona,ES
Pamplona,PH
Pamplona,CO
Panambi,BR
Panambi,AR
Pandakan,PH
Pandakan,ID
Pando,PH
Pando,UY
Panorama,BR
Panorama,GR
Paola,MT
Paola,US
Paola,IT
Paradise,TT
Paradise,AU
Paradise,US
Paraiso,PH
Paraiso,MX
Paraiso,CR
Paraiso,DO
Parbatipur,IN
Parbatipur,BD
Paris,FR
Paris,CA
Paris,US
Parma,US
Parma,IT
Pasadena,CA
Pasadena,US
Passi,PH
Passi,SN
Patan,NP
Patan,IN
Patna,IN
Patna,GB
Patrocinio,PH
Patrocinio,BR
Patti,IN
Patti,IT
Pau,PH
Pau,FR
Pavia,IT
Pavia,PH
Pavlovka,RU
Pavlovka,UA
Pedernales,EC
Pedernales,MX
Pedernales,DO
Pella,US
Pella,GR
Pembroke,US
Pembroke,CA
Pembroke,GB
Penafiel,PT
Penafiel,ES
Penaflor,ES
Penaflor,CL
Penrith,AU
Penrith,GB
Peralta,DO
Peralta,ES
Peralta,US
Perez,AR
Perez,PH
Perth,GB
Perth,AU
Perth,CA
Pervomaysk,RU
Pervomaysk,UA
Pervomayskiy,RU
Pervomayskiy,KZ
Peterborough,US
Peterborough,CA
Peterborough,GB
Petra,JO
Petra,ES
Philipsburg,US
Philipsburg,SX
Pickering,CA
Pickering,GB
Picton,AU
Picton,NZ
Piedade,BR
Piedade,PT
Pila,PL
Pila,PH
Pilar,BR
Pilar,PY
Pilar,PH
Pilar,AR
Pimentel,PE
Pimentel,DO
Pital,CR
Pital,CO
Plymouth,MS
Plymouth,US
Plymouth,GB
Plympton,GB
Plympton,US
Plympton,AU
Pointe-Noire,CG
Pointe-Noire,GP
Pokrovka,RU
Pokrovka,KG
Polanco,MX
Polanco,PH
Poli,CM
Poli,IT
Poli,TZ
Polo,US
Polo,DO
Polo,PH
Pombal,PT
Pombal,BR
Ponso,IT
Ponso,PH
Pont-Saint-Martin,FR
Pont-Saint-Martin,IT
Ponta do Sol,PT
Ponta do Sol,CV
Ponte,IT
Ponte,PT
Pontevedra,AR
Pontevedra,ES
Pontevedra,PH
Port Royal,US
Port Royal,JM
Port-Louis,FR
Port-Louis,GP
Portland,AU
Portland,US
Porto,PT
Porto,BR
Portsmouth,GB
Portsmouth,US
Portsmouth,DM
Posadas,ES
Posadas,AR
Potosi,NI
Potosi,CO
Potosi,BO
Potosi,US
Potsdam,US
Potsdam,DE
Prado,CO
Prado,BR
Prado,PT
Prado,PH
Prague,US
Prague,CZ
Prescott,CA
Prescott,US
Preston,US
Preston,GB
Prilep,MK
Prilep,XK
Prince George,US
Prince George,CA
Princeton,CA
Princeton,US
Princeville,CA
Princeville,US
Priozersk,KZ
Priozersk,RU
Prnjavor,RS
Prnjavor,BA
Progreso,US
Progreso,UY
Progreso,PH
Progreso,PA
Progreso,MX
Prospect,US
Prospect,AU
Providence,US
Providence,MU
Providencia,CO
Providencia,MX
Psary,CZ
Psary,PL
Pueblo Nuevo,PE
Pueblo Nuevo,NI
Pueblo Nuevo,GT
Pueblo Nuevo,HN
Pueblo Nuevo,CO
Pueblo Nuevo,MX
Puerto Escondido,PA
Puerto Escondido,MX
Puerto Escondido,CO
Puerto Real,PR
Puerto Real,ES
Puerto Rico,AR
Puerto Rico,ES
Puerto Rico,CO
Pula,IT
Pula,HR
Punta Gorda,BZ
Punta Gorda,US
Purificacion,MX
Purificacion,CO
Pushkino,AZ
Pushkino,RU
Queenstown,AU
Queenstown,NZ
Queenstown,ZA
Quesada,CR
Quesada,ES
Quesada,GT
Quezaltepeque,GT
Quezaltepeque,SV
Quiroga,MX
Quiroga,ES
Rabat,MA
Rabat,MT
Raipur,IN
Raipur,BD
Ramon,PH
Ramon,RU
Ramos,PH
Ramos,PR
Ramsey,US
Ramsey,GB
Ranipur,IN
Ranipur,PK
Rasht,IR
Rasht,TJ
Ravenna,US
Ravenna,IT
Raymond,CA
Raymond,US
Rayne,US
Rayne,GB
Reading,GB
Reading,US
Real,PT
Real,PH
Recas,RO
Recas,ES
Red Hill,AU
Red Hill,NZ
Red Hill,US
Redlynch,GB
Redlynch,AU
Rehoboth,
Rehoboth,US
Remedios,CU
Remedios,CO
Renfrew,GB
Renfrew,CA
Renton,GB
Renton,US
Retz,DE
Retz,AT
Revere,IT
Revere,US
Ribeirao,BR
Ribeirao,PT
Richelieu,CA
Richelieu,FR
Richmond,ZA
Richmond,CA
Richmond,NZ
Richmond,JM
Richmond,AU
Richmond,GB
Richmond,US
Richmond Hill,US
Richmond Hill,CA
Rincon,DO
Rincon,US
Rio Blanco,MX
Rio Blanco,NI
Rio Branco,UY
Rio Branco,BR
Rio Bravo,GT
Rio Bravo,MX
Rio Bravo,US
Rio Grande,PE
Rio Grande,US
Rio Grande,MX
Rio Grande,BR
Rio Grande,PR
Rio Hondo,US
Rio Hondo,GT
Rio Segundo,CR
Rio Segundo,AR
Rio Tinto,BR
Rio Tinto,PT
Ripley,GB
Ripley,US
Ripon,US
Ripon,GB
Rivera,CO
Rivera,UY
Riverview,AU
Riverview,US
Rochefort,FR
Rochefort,BE
Rochester,GB
Rochester,US
Rockingham,AU
Rockingham,US
Rocky Point,US
Rocky Point,JM
Rodeo,US
Rodeo,MX
Rodriguez,UY
Rodriguez,PH
Roeulx,FR
Roeulx,BE
Rohr,DE
Rohr,CH
Roma,IT
Roma,AU
Roma,RO
Roman,RO
Roman,BG
Romny,RU
Romny,UA
Rosales,PH
Rosales,MX
Rosario,UY
Rosario,AR
Rosario,PH
Roseau,DM
Roseau,US
Rosenberg,DE
Rosenberg,US
Rotonda,US
Rotonda,IT
Rotterdam,US
Rotterdam,NL
Rotunda,PH
Rotunda,RO
Rouvroy,FR
Rouvroy,BE
Royston,US
Royston,GB
Rudnik,PL
Rudnik,CZ
Rudnyy,RU
Rudnyy,KZ
Rugby,GB
Rugby,US
Ruma,RS
Ruma,NG
Rus,ES
Rus,RO
Ruse,BG
Ruse,SI
Russkaya Polyana,RU
Russkaya Polyana,UA
Rye,GB
Rye,US
Saba,GM
Saba,HN
Sabanagrande,HN
Sabanagrande,CO
Sabaneta,DO
Sabaneta,CO
Sabang,ID
Sabang,PH
Sabha,LY
Sabha,JO
Sacramento,US
Sacramento,BR
Sada,ES
Sada,YT
Sagana,PH
Sagana,KE
Sagunto,ES
Sagunto,PH
Sahagun,CO
Sahagun,ES
Saham,JO
Saham,OM
Saidpur,IN
Saidpur,BD
Saint Albans,GB
Saint Albans,US
Saint Andrews,US
Saint Andrews,GB
Saint Dennis,US
Saint Dennis,GB
Saint Helens,US
Saint Helens,GB
Saint John,CA
Saint John,MT
Saint John,US
Saint Johns,AG
Saint Johns,US
Saint Joseph,DM
Saint Joseph,US
Saint Petersburg,RU
Saint Petersburg,US
Saint-Benoit,RE
Saint-Benoit,FR
Saint-Claude,FR
Saint-Claude,GP
Saint-Denis,FR
Saint-Denis,RE
Saint-Francois,GP
Saint-Francois,FR
Saint-Joseph,RE
Saint-Joseph,MQ
Saint-Leonard,CH
Saint-Leonard,FR
Saint-Leu,RE
Saint-Leu,FR
Saint-Louis,SN
Saint-Louis,RE
Saint-Louis,FR
Saint-Maurice,CH
Saint-Maurice,FR
Saint-Nicolas,FR
Saint-Nicolas,BE
Saint-Pierre,IT
Saint-Pierre,PM
Saint-Pierre,RE
Saint-Pierre,MQ
Saint-Raphael,HT
Saint-Raphael,FR
Saint-Sauveur,CA
Saint-Sauveur,FR
Sainte-Catherine,FR
Sainte-Catherine,CA
Sainte-Marie,FR
Sainte-Marie,CA
Sainte-Marie,RE
Sainte-Marie,MQ
Sainte-Rose,GP
Sainte-Rose,RE
Saku,EE
Saku,JP
Salamanca,US
Salamanca,PH
Salamanca,CL
Salamanca,ES
Salamanca,MX
Saldana,CO
Saldana,ES
Sale,GB
Sale,IT
Sale,AU
Sale,MA
Salem,IN
Salem,US
Salem,SE
Salento,IT
Salento,CO
Salinas,PH
Salinas,PR
Salinas,US
Salinas,BR
Salinas,EC
Salisbury,AU
Salisbury,US
Salisbury,GB
Salitral,CR
Salitral,PE
Salo,IT
Salo,FI
Salsipuedes,DO
Salsipuedes,AR
Saltillo,US
Saltillo,MX
Salto,UY
Salto,BR
Salvador,BR
Salvador,PH
Salvatierra,MX
Salvatierra,ES
San Agustin,SV
San Agustin,CO
San Agustin,MX
San Agustin,PH
San Agustin,PE
San Agustin,AR
San Alberto,CO
San Alberto,PY
San Andres,GT
San Andres,PH
San Andres,CO
San Antonio,PH
San Antonio,AR
San Antonio,CR
San Antonio,PR
San Antonio,CL
San Antonio,US
San Antonio,CO
San Antonio,PY
San Bartolo,MX
San Bartolo,PE
San Basilio,PH
San Basilio,AR
San Benito,PH
San Benito,GT
San Benito,AR
San Benito,US
San Bernardino,PH
San Bernardino,GT
San Bernardino,PY
San Bernardino,US
San Bernardo,CO
San Bernardo,AR
San Bernardo,CL
San Carlos,BO
San Carlos,AR
San Carlos,VE
San Carlos,PH
San Carlos,US
San Carlos,NI
San Carlos,CO
San Carlos,MX
San Carlos,UY
San Carlos,CL
San Clemente,CL
San Clemente,US
San Clemente,ES
San Clemente,PE
San Clemente,IT
San Clemente,PH
San Cristobal,MX
San Cristobal,VE
San Cristobal,AR
San Cristobal,DO
San Cristobal,PH
San Cristobal,CU
San Cristobal,EC
San Cristobal,CO
San Diego,CR
San Diego,PH
San Diego,CO
San Diego,US
San Dionisio,NI
San Dionisio,PH
San Felipe,GT
San Felipe,MX
San Felipe,CR
San Felipe,CL
San Felipe,VE
San Felipe,PH
San Fernando,NI
San Fernando,ES
San Fernando,TT
San Fernando,PH
San Fernando,MX
San Fernando,US
San Francisco,PH
San Francisco,HN
San Francisco,CR
San Francisco,CO
San Francisco,SV
San Francisco,GT
San Francisco,AR
San Francisco,US
San Gabriel,US
San Gabriel,MX
San Gabriel,GT
San Gabriel,EC
San Gabriel,PH
San Ignacio,MX
San Ignacio,PH
San Ignacio,BZ
San Ignacio,CR
San Ignacio,HN
San Ignacio,PE
San Ildefonso,ES
San Ildefonso,PH
San Isidro,PH
San Isidro,PR
San Isidro,PE
San Isidro,CR
San Jacinto,US
San Jacinto,CO
San Jacinto,UY
San Jacinto,PH
San Javier,ES
San Javier,AR
San Javier,CL
San Jeronimo,CO
San Jeronimo,PE
San Jeronimo,GT
San Jeronimo,HN
San Joaquin,VE
San Joaquin,US
San Joaquin,PH
San Jorge,NI
San Jorge,AR
San Jose,PY
San Jose,PE
San Jose,AR
San Jose,PR
San Jose,CR
San Jose,US
San Jose,PH
San Juan,AR
San Juan,CR
San Juan,PH
San Juan,US
San Juan,PR
San Juan Bautista,GT
San Juan Bautista,PE
San Juan Nepomuceno,CO
San Juan Nepomuceno,PY
San Julian,MX
San Julian,AR
San Julian,PH
San Julian,BO
San Lorenzo,PY
San Lorenzo,NI
San Lorenzo,IT
San Lorenzo,CO
San Lorenzo,HN
San Lorenzo,GT
San Lorenzo,US
San Lorenzo,AR
San Lorenzo,PR
San Lorenzo,PH
San Lucas,MX
San Lucas,PH
San Luis,CU
San Luis,HN
San Luis,AR
San Luis,US
San Luis,GT
San Luis,MX
San Luis,PH
San Luis,PE
San Luis,CO
San Manuel,US
San Manuel,HN
San Manuel,PH
San Marcos,GT
San Marcos,US
San Marcos,NI
San Marcos,CR
San Marcos,SV
San Marcos,HN
San Marcos,CO
San Marcos,MX
San Marino,SM
San Marino,US
San Martin,AR
San Martin,US
San Martin,SV
San Martin,PH
San Martin,CO
San Mateo,VE
San Mateo,GT
San Mateo,US
San Mateo,PH
San Miguel,US
San Miguel,CO
San Miguel,ES
San Miguel,EC
San Miguel,PE
San Miguel,AR
San Miguel,CR
San Miguel,PH
San Miguelito,NI
San Miguelito,PA
San Nicolas,PH
San Nicolas,HN
San Nicolas,CU
San Nicolas,MX
San Nicolas,ES
San Pablo,CO
San Pablo,BO
San Pablo,US
San Pablo,CR
San Pablo,GT
San Pablo,PH
San Pablo,PE
San Patricio,MX
San Patricio,PH
San Pedro,AR
San Pedro,MX
San Pedro,CO
San Pedro,BO
San Pedro,BZ
San Pedro,PH
San Pedro,US
San Pedro,CR
San Rafael,PH
San Rafael,MX
San Rafael,CO
San Rafael,CR
San Rafael,AR
San Rafael,US
San Ramon,US
San Ramon,PE
San Ramon,NI
San Ramon,CR
San Ramon,UY
San Ramon,BO
San Ramon,PH
San Roque,CO
San Roque,ES
San Roque,MX
San Roque,PH
San Salvador,SV
San Salvador,PH
San Salvador,AR
San Sebastian,PH
San Sebastian,SV
San Sebastian,ES
San Sebastian,GT
San Sebastian,PR
San Vicente,AR
San Vicente,CO
San Vicente,CR
San Vicente,MX
San Vicente,SV
San Vicente,CL
San Vicente,PH
San Vito,IT
San Vito,CR
Sande,PT
Sande,DE
Sandown,US
Sandown,GB
Sandwich,GB
Sandwich,US
Sandy,GB
Sandy,US
Sandy Bay,AU
Sandy Bay,JM
Santa Ana,HN
Santa Ana,PE
Santa Ana,SV
Santa Ana,CR
Santa Ana,AR
Santa Ana,MX
Santa Ana,US
Santa Ana,CO
Santa Ana,GT
Santa Ana,EC
Santa Ana,PH
Santa Barbara,MX
Santa Barbara,PH
Santa Barbara,GT
Santa Barbara,BO
Santa Barbara,ES
Santa Barbara,CO
Santa Barbara,US
Santa Barbara,PR
Santa Barbara,HN
Santa Brigida,ES
Santa Brigida,PH
Santa Catalina,CO
Santa Catalina,PH
Santa Cecilia,BR
Santa Cecilia,PH
Santa Clara,CU
Santa Clara,US
Santa Clara,AR
Santa Clara,MX
Santa Clara,PH
Santa Cruz,CR
Santa Cruz,BR
Santa Cruz,US
Santa Cruz,PT
Santa Cruz,PH
Santa Cruz,CV
Santa Cruz,CL
Santa Cruz,JM
Santa Elena,MX
Santa Elena,PH
Santa Elena,EC
Santa Elena,SV
Santa Elena,AR
Santa Eulalia,PE
Santa Eulalia,GT
Santa Fe,US
Santa Fe,PH
Santa Isabel,MX
Santa Isabel,AR
Santa Isabel,PR
Santa Isabel,BR
Santa Lucia,ES
Santa Lucia,CO
Santa Lucia,PH
Santa Lucia,UY
Santa Lucia,AR
Santa Lucia,EC
Santa Lucia,HN
Santa Lucia,PE
Santa Magdalena,PH
Santa Magdalena,AR
Santa Maria,PY
Santa Maria,PE
Santa Maria,CO
Santa Maria,US
Santa Maria,BR
Santa Maria,CV
Santa Maria,PH
Santa Maria,RO
Santa Marta,ES
Santa Marta,CO
Santa Marta,PA
Santa Monica,PH
Santa Monica,BR
Santa Monica,US
Santa Rita,BO
Santa Rita,PH
Santa Rita,BR
Santa Rita,PY
Santa Rita,VE
Santa Rita,HN
Santa Rosa,EC
Santa Rosa,BO
Santa Rosa,US
Santa Rosa,UY
Santa Rosa,CO
Santa Rosa,AR
Santa Rosa,BR
Santa Rosa,PE
Santa Rosa,PH
Santa Rosa,PY
Santa Rosa de Lima,GT
Santa Rosa de Lima,SV
Santa Rosa de Viterbo,CO
Santa Rosa de Viterbo,BR
Santa Teresa,NI
Santa Teresa,US
Santa Teresa,MX
Santa Teresa,BR
Santa Teresa,PH
Santa Teresa,VE
Santana,RO
Santana,PT
Santana,BR
Santana,CO
Santander,ES
Santander,PH
Santarem,PT
Santarem,BR
Santiago,BR
Santiago,CO
Santiago,CL
Santiago,MX
Santiago,PH
Santiago,PY
Santiago,CR
Santiago,PE
Santo Andre,BR
Santo Andre,PT
Santo Domingo,PR
Santo Domingo,DO
Santo Domingo,CR
Santo Domingo,CU
Santo Domingo,NI
Santo Domingo,PH
Santo Domingo,CO
Santo Tomas,CO
Santo Tomas,NI
Santo Tomas,SV
Santo Tomas,PE
Santo Tomas,PH
Santo Tome,AR
Santo Tome,ES
Sao Joao,BR
Sao Joao,PT
Sao Pedro do Sul,PT
Sao Pedro do Sul,BR
Sao Roque,PT
Sao Roque,BR
Sao Tome,BR
Sao Tome,ST
Sao Vicente,PT
Sao Vicente,BR
Savigny,FR
Savigny,CH
Saxon,CH
Saxon,US
Sayat,TM
Sayat,FR
Sayda,DE
Sayda,PS
Scarborough,TT
Scarborough,GB
Scarborough,US
Scarborough,AU
Schmitten,DE
Schmitten,CH
Scottsdale,US
Scottsdale,AU
Seacliff,US
Seacliff,AU
Seaford,GB
Seaford,AU
Seaford,US
Seaton,GB
Seaton,AU
Sebastopol,US
Sebastopol,MU
Sebastopol,AU
Seedorf,CH
Seedorf,DE
Segovia,CO
Segovia,ES
Selah,US
Selah,TR
Selkirk,GB
Selkirk,CA
Sellye,SK
Sellye,HU
Selva,IT
Selva,ES
Sergeyevka,KZ
Sergeyevka,UA
Sergeyevka,RU
Serra,BR
Serra,ES
Seversk,RU
Seversk,UA
Sevilla,ES
Sevilla,CO
Shahpur,IN
Shahpur,PK
Shakhtersk,RU
Shakhtersk,UA
Shatsk,UA
Shatsk,RU
Sheffield,US
Sheffield,GB
Shelburne,CA
Shelburne,US
Shelley,GB
Shelley,US
Shikarpur,PK
Shikarpur,IN
Shirley,US
Shirley,GB
Shrewsbury,GB
Shrewsbury,US
Silao,IN
Silao,MX
Silvania,CO
Silvania,BR
Sindi,EE
Sindi,IN
Sinnar,SD
Sinnar,IN
Sirvan,TR
Sirvan,AZ
Skala,GR
Skala,PL
Slatina,HR
Slatina,RO
Slatino,UA
Slatino,MK
Sloboda,RU
Sloboda,UA
Slobozia,MD
Slobozia,RO
Smithfield,US
Smithfield,AU
Smithton,US
Smithton,AU
Sobotka,PL
Sobotka,CZ
Sobrado,PT
Sobrado,ES
Socorro,US
Socorro,BR
Socorro,CO
Socorro,PH
Soest,NL
Soest,DE
Solano,PH
Solano,CO
Soledad,CO
Soledad,PH
Soledad,US
Solsona,PH
Solsona,ES
Soma,TR
Soma,GM
Somerton,GB
Somerton,US
Somerville,AU
Somerville,US
Sona,RO
Sona,PA
Sona,IT
Soro,DK
Soro,IN
Sosnovka,KG
Sosnovka,RU
Souillac,FR
Souillac,MU
Soure,PT
Soure,BR
Southampton,GB
Southampton,US
Southfield,US
Southfield,JM
Southgate,GB
Southgate,US
Southport,US
Southport,AU
Southport,GB
Spasskoye,RU
Spasskoye,UA
Spay,DE
Spay,FR
Speicher,CH
Speicher,DE
Spring,RO
Spring,US
Spring Hill,AU
Spring Hill,US
Springhill,US
Springhill,CA
Springs,ZA
Springs,US
Stafford,US
Stafford,GB
Stamford,US
Stamford,GB
Stanley,FK
Stanley,GB
Stanley,US
Star,RU
Star,US
Stauceni,RO
Stauceni,MD
Staufen,DE
Staufen,CH
Stefan Voda,MD
Stefan Voda,RO
Stein,CH
Stein,NL
Steinbach,DE
Steinbach,CA
Steinen,CH
Steinen,DE
Steinhausen,CH
Steinhausen,DE
Stephenville,CA
Stephenville,US
Stirling,GB
Stirling,AU
Stitar,RS
Stitar,HR
Strasburg,US
Strasburg,DE
Stratford,US
Stratford,CA
Strathmore,CA
Strathmore,US
Stroud,US
Stroud,GB
Stuttgart,US
Stuttgart,DE
Suarez,CO
Suarez,PR
Subiaco,AU
Subiaco,IT
Sucre,CO
Sucre,EC
Sucre,BO
Sudbury,GB
Sudbury,US
Sula,HN
Sula,PH
Summerside,US
Summerside,CA
Sunbury,US
Sunbury,AU
Sunderland,GB
Sunderland,US
Sunset Beach,US
Sunset Beach,ZA
Sussex,CA
Sussex,US
Sutton,US
Sutton,GB
Sutton,CA
Swansea,GB
Swansea,US
Sydney,CA
Sydney,AU
Sylva,RU
Sylva,US
Tabio,PH
Tabio,CO
Tabuk,SA
Tabuk,PH
Taft,PH
Taft,US
Taft,IR
Taiping,CN
Taiping,MY
Tal,PK
Tal,IN
Tala,MX
Tala,EG
Tala,UY
Tala,PH
Talas,KG
Talas,TR
Talavera,PH
Talavera,PE
Taltal,PH
Taltal,CL
Tamara,CO
Tamara,HN
Tamasi,HU
Tamasi,RO
Tamayo,PH
Tamayo,DO
Tambo,PE
Tambo,PH
Tamboril,BR
Tamboril,DO
Tamworth,GB
Tamworth,AU
Tamworth,US
Tanda,IN
Tanda,EG
Tanda,CI
Tangua,CO
Tangua,BR
Tann,DE
Tann,CH
Tanque,ES
Tanque,PH
Tara,RU
Tara,PH
Tarata,BO
Tarata,PE
Tarragona,ES
Tarragona,PH
Taunton,US
Taunton,GB
Tavares,US
Tavares,BR
Telford,GB
Telford,US
Temirtau,RU
Temirtau,KZ
Ternate,ID
Ternate,PH
Ternate,IT
Teruel,ES
Teruel,CO
Teulada,IT
Teulada,ES
Thompson,CA
Thompson,US
Thurso,CA
Thurso,GB
Tiburon,US
Tiburon,HT
Tipton,US
Tipton,GB
Tiverton,US
Tiverton,GB
Toledo,BR
Toledo,CO
Toledo,PH
Toledo,AR
Toledo,UY
Toledo,ES
Toledo,US
Tolosa,ES
Tolosa,PH
Topsham,US
Topsham,GB
Toro,CO
Toro,ES
Toronto,US
Toronto,CA
Torquay,GB
Torquay,AU
Torrijos,ES
Torrijos,PH
Tortosa,ES
Tortosa,PH
Trento,PH
Trento,IT
Tres Rios,CR
Tres Rios,BR
Trinidad,CO
Trinidad,PY
Trinidad,HN
Trinidad,PH
Trinidad,US
Trinidad,CU
Trinidad,UY
Tripoli,LB
Tripoli,LY
Tripoli,GR
Trois-Rivieres,GP
Trois-Rivieres,CA
Trujillo,HN
Trujillo,CO
Trujillo,VE
Trujillo,ES
Trujillo,PE
Truro,US
Truro,GB
Truro,CA
Tuban,ID
Tuban,PH
Tudela,ES
Tudela,PH
Tula,MX
Tula,RU
Tulsipur,IN
Tulsipur,NP
Tura,RU
Tura,HU
Tura,IN
Turan,RU
Turan,VN
Tuzla,RO
Tuzla,BA
Uba,NG
Uba,BR
Uglegorsk,RU
Uglegorsk,UA
Ula,TR
Ula,IN
Ula,PH
Uman,MX
Uman,UA
Umarkot,IN
Umarkot,PK
Una,IN
Una,BR
Ungheni,MD
Ungheni,RO
Union,AR
Union,US
Union,PH
Urbana,IT
Urbana,US
Uri,IN
Uri,HU
Uri,IT
Uspenka,RU
Uspenka,UA
Utica,US
Utica,CO
Utrecht,NL
Utrecht,ZA
Vacha,RU
Vacha,DE
Vad,RU
Vad,RO
Valdez,US
Valdez,EC
Valdivia,CO
Valdivia,CL
Valencia,VE
Valencia,PH
Valencia,CO
Valencia,US
Valencia,ES
Valenza,PT
Valenza,IT
Valga,ES
Valga,EE
Valladolid,MX
Valladolid,ES
Valle Hermoso,MX
Valle Hermoso,PH
Valle Hermoso,AR
Valley,GB
Valley,US
Valley,DE
Valparaiso,MX
Valparaiso,CO
Valparaiso,CL
Valparaiso,US
Valparaiso,BR
Valverde,IT
Valverde,ES
Van,TR
Van,US
Vancouver,US
Vancouver,CA
Varna,BG
Varna,IT
Varna,RU
Vera,ES
Vera,AR
Veracruz,MX
Veracruz,PA
Verdun,FR
Verdun,MU
Vergara,CO
Vergara,UY
Vermilion,CA
Vermilion,US
Vernon,FR
Vernon,CA
Vernon,US
Verona,US
Verona,IT
Versailles,US
Versailles,FR
Vescovato,IT
Vescovato,FR
Victoria,CL
Victoria,SC
Victoria,CO
Victoria,CA
Victoria,HN
Victoria,RO
Victoria,GD
Victoria,US
Victoria,MX
Victoria,GB
Victoria,SV
Victoria,PH
Victoria,AR
Victoria,MT
Victoria,MY
Vidor,IT
Vidor,US
Vienna,US
Vienna,AT
Vigo,ES
Vigo,PH
Villa Elisa,PY
Villa Elisa,AR
Villa Nueva,GT
Villa Nueva,AR
Villa Nueva,HN
Villa Rica,US
Villa Rica,CO
Villa Rica,PE
Villa del Rosario,CO
Villa del Rosario,AR
Villahermosa,ES
Villahermosa,PH
Villahermosa,CO
Villahermosa,MX
Villalba,PR
Villalba,IT
Villamar,IT
Villamar,MX
Villanueva,HN
Villanueva,PH
Villanueva,CO
Villanueva,MX
Villarosa,IT
Villarosa,PH
Villarrica,CO
Villarrica,CL
Villarrica,PY
Villavieja,CO
Villavieja,ES
Villeneuve,FR
Villeneuve,CH
Vincennes,FR
Vincennes,US
Virden,CA
Virden,US
Virginia,ZA
Virginia,US
Viseu,PT
Viseu,BR
Vista Alegre,PA
Vista Alegre,PH
Vista Alegre,AR
Vista Hermosa,CO
Vista Hermosa,MX
Vista Hermosa,PA
Viterbo,IT
Viterbo,CO
Volovo,RU
Volovo,UA
Wageningen,SR
Wageningen,NL
Wakefield,GB
Wakefield,JM
Wakefield,CA
Wakefield,US
Wald,DE
Wald,CH
Waldkirch,CH
Waldkirch,DE
Wales,US
Wales,GB
Wallingford,GB
Wallingford,US
Walnut Grove,US
Walnut Grove,CA
Waltham,GB
Waltham,US
Wamba,CD
Wamba,NG
Wangen,CH
Wangen,DE
Ware,GB
Ware,US
Warrenton,US
Warrenton,ZA
Warrington,GB
Warrington,US
Warsaw,PL
Warsaw,US
Warwick,AU
Warwick,CA
Warwick,US
Warwick,GB
Washington,GB
Washington,US
Waterford,IE
Waterford,US
Waterloo,US
Waterloo,CA
Waterloo,BE
Waterloo,SL
Wau,PG
Wau,SS
Wawa,NG
Wawa,PH
Weimar,US
Weimar,DE
Wellington,GB
Wellington,NZ
Wellington,IN
Wellington,US
Wellington,AU
Wells,US
Wells,GB
West End,BS
West End,GB
West End,US
West Melbourne,AU
West Melbourne,US
Westbrook,US
Westbrook,AU
Westbury,US
Westbury,AU
Westport,NZ
Westport,IE
Westport,US
Weymouth,GB
Weymouth,US
White Rock,US
White Rock,CA
Whitefield,US
Whitefield,GB
Willaston,GB
Willaston,AU
Willemstad,CW
Willemstad,NL
Williamstown,AU
Williamstown,US
Winchester,US
Winchester,GB
Windermere,US
Windermere,GB
Windsor,AU
Windsor,GB
Windsor,CA
Windsor,US
Wingate,US
Wingate,GB
Winslow,GB
Winslow,US
Winton,US
Winton,NZ
Woodbridge,US
Woodbridge,GB
Woodridge,AU
Woodridge,US
Woodside,US
Woodside,AU
Woodstock,GB
Woodstock,US
Woodstock,CA
Woodville,US
Woodville,AU
Worcester,US
Worcester,GB
Worcester,ZA
Worth,US
Worth,DE
Wright,PH
Wright,US
Yala,KE
Yala,TH
Yanggu,KR
Yanggu,CN
Yarmouth,CA
Yarmouth,US
Yeadon,GB
Yeadon,US
Yilan,TW
Yilan,CN
York,US
York,GB
York,AU
Young,UY
Young,AU
Zagora,MA
Zagora,GR
Zambrano,HN
Zambrano,CO
Zamora,ES
Zamora,HN
Zamora,EC
Zaragoza,CO
Zaragoza,GT
Zaragoza,ES
Zaragoza,PH
Zaragoza,MX
Zaragoza,SV
Zarand,RO
Zarand,IR
Zarya,UA
Zarya,RU
Zavodskoy,RU
Zavodskoy,KZ
Zeeland,US
Zeeland,NL
Zell,DE
Zell,CH
Zlynka,RU
Zlynka,UA
Zomba,HU
Zomba,MW
Zwijndrecht,NL
Zwijndrecht,BE
